source_id,title_vi,title_vi_kind
1342,Kiêu hãnh và định kiến,xuat_ban
2680,Suy tưởng,xuat_ban
15,Moby Dick,xuat_ban
11,Alice ở xứ sở thần tiên,xuat_ban
12,Alice ở xứ sở trong gương,xuat_ban
16,Peter Pan,xuat_ban
45,Anne tóc đỏ dưới chái nhà xanh,xuat_ban
55,Phù thủy xứ Oz,xuat_ban
113,Khu vườn bí mật,xuat_ban
146,Công chúa nhỏ,xuat_ban
236,Cậu bé rừng xanh,xuat_ban
271,Ngựa ô yêu dấu,xuat_ban
289,Gió qua rặng liễu,xuat_ban
132,Binh pháp Tôn Tử,xuat_ban
150,Cộng hòa,xuat_ban
61,Tuyên ngôn của Đảng Cộng sản,xuat_ban
205,Walden,xuat_ban
1232,Quân vương,xuat_ban
41445,Frankenstein,xuat_ban
345,Bá tước Dracula,xuat_ban
1661,Những cuộc phiêu lưu của Sherlock Holmes,xuat_ban
2852,Con chó của dòng họ Baskerville,xuat_ban
244,Chiếc nhẫn tình cờ,xuat_ban
74,Những cuộc phiêu lưu của Tom Sawyer,xuat_ban
76,Những cuộc phiêu lưu của Huckleberry Finn,xuat_ban
1400,Những kỳ vọng lớn lao,xuat_ban
98,Chuyện hai thành phố,xuat_ban
730,Oliver Twist,xuat_ban
46,Bài ca Giáng sinh,xuat_ban
766,David Copperfield,xuat_ban
1260,Jane Eyre,xuat_ban
768,Đồi gió hú,xuat_ban
158,Emma,xuat_ban
161,Lý trí và tình cảm,xuat_ban
105,Thuyết phục,xuat_ban
514,Những người phụ nữ bé nhỏ,xuat_ban
174,Bức chân dung của Dorian Gray,xuat_ban
844,Tầm quan trọng của sự nghiêm túc,tam_dich
120,Đảo giấu vàng,xuat_ban
35,Cỗ máy thời gian,xuat_ban
5230,Người vô hình,xuat_ban
164,Hai vạn dặm dưới biển,xuat_ban
103,Tám mươi ngày vòng quanh thế giới,xuat_ban
70841,Robinson Crusoe,xuat_ban
829,Gulliver du ký,xuat_ban
1184,Bá tước Monte Cristo,xuat_ban
135,Những người khốn khổ,xuat_ban
2610,Nhà thờ Đức Bà Paris,xuat_ban
2413,Bà Bovary,xuat_ban
2554,Tội ác và hình phạt,xuat_ban
28054,Anh em nhà Karamazov,xuat_ban
2600,Chiến tranh và hòa bình,xuat_ban
1399,Anna Karenina,xuat_ban
996,Don Quijote,xuat_ban
3160,Odyssey,xuat_ban
2199,Iliad,xuat_ban
1995,Thần khúc,xuat_ban
1112,Romeo và Juliet,xuat_ban
1533,Macbeth,xuat_ban
100,Toàn tập William Shakespeare,tam_dich
64317,Gatsby vĩ đại,xuat_ban
5200,Hóa thân,xuat_ban
34380,Tiếng gọi nơi hoang dã,xuat_ban
910,Nanh trắng,xuat_ban
219,Tâm bóng tối,xuat_ban
33,Chữ A màu đỏ,xuat_ban
203,Túp lều bác Tom,xuat_ban
58585,Nhà tiên tri,xuat_ban
2500,Câu chuyện dòng sông,xuat_ban
1998,Zarathustra đã nói như thế,xuat_ban
4363,Bên kia thiện ác,xuat_ban
3300,Của cải của các dân tộc,xuat_ban
34901,Bàn về tự do,xuat_ban
2130,Utopia — Địa đàng trần gian,tam_dich
216,Đạo Đức Kinh,xuat_ban
3330,Luận ngữ,xuat_ban
246,Thơ Rubaiyat của Omar Khayyam,tam_dich
128,Nghìn lẻ một đêm,xuat_ban
28,Truyện ngụ ngôn Aesop,tam_dich
2591,Truyện cổ Grimm,xuat_ban
27200,Truyện cổ Andersen,xuat_ban
57,Aladdin và cây đèn thần,xuat_ban
20,Thiên đường đã mất,tam_dich
58,Thiên đường tìm lại,tam_dich
10,Kinh Thánh — bản King James,tam_dich
30,"Kinh Thánh — bản King James, trọn bộ",tam_dich
2145,Ben-Hur,tam_dich
1,Tuyên ngôn Độc lập Hoa Kỳ,tam_dich
5,Hiến pháp Hoa Kỳ,tam_dich
2,Tuyên ngôn Nhân quyền Hoa Kỳ (10 tu chính án đầu),tam_dich
7,Hiệp ước Mayflower,tam_dich
23,"Tự thuật của Frederick Douglass, một người nô lệ Mỹ",tam_dich
3,Diễn văn nhậm chức của John F. Kennedy,tam_dich
4,Diễn văn Gettysburg của Lincoln,tam_dich
6,Hãy cho tôi tự do hoặc cái chết,tam_dich
8,Diễn văn nhậm chức lần hai của Abraham Lincoln,tam_dich
9,Diễn văn nhậm chức lần đầu của Abraham Lincoln,tam_dich
18,Luận cương Liên bang,tam_dich
59,Luận về phương pháp,xuat_ban
70,Con người là gì? và các tiểu luận khác,tam_dich
71,Về bổn phận bất tuân dân sự,tam_dich
130,Chính thống,tam_dich
19,Bài ca Hiawatha,tam_dich
151,Khúc ca người thủy thủ già,tam_dich
13,Cuộc săn Snark,tam_dich
228,Aeneid,tam_dich
301,Bản ballad nhà tù Reading,tam_dich
833,Lý thuyết về giai cấp nhàn rỗi,tam_dich
636,Những ảo tưởng đám đông phi thường,tam_dich
445,Tâm lý học đám đông,xuat_ban
448,Tâm lý học cách mạng,tam_dich
47,Anne ở Avonlea,tam_dich
51,Anne ở đảo,tam_dich
54,Xứ Oz kỳ diệu,tam_dich
136,Khu vườn thơ của trẻ thơ,tam_dich
225,Sau lưng gió bấc,tam_dich
384,Hoàng tử thất lạc,tam_dich
37134,Những nguyên tắc của văn phong,tam_dich
408,Linh hồn người da đen,tam_dich
2009,Nguồn gốc các loài,xuat_ban
3207,Leviathan,tam_dich
66048,Giải mộng,xuat_ban
19942,Candide,xuat_ban
2527,Nỗi đau của chàng Werther,xuat_ban
3023,Faust,xuat_ban
54873,Hai vạn dặm dưới biển,xuat_ban
800,Tám mươi ngày vòng quanh thế giới,xuat_ban
17989,Bá tước Monte Cristo,xuat_ban
13951,Ba chàng lính ngự lâm,xuat_ban
5711,Germinal,xuat_ban
4650,Candide,xuat_ban
1952,Giấy dán tường màu vàng,tam_dich
160,Thức tỉnh và các truyện ngắn chọn lọc,tam_dich
145,Middlemarch,tam_dich
4300,Ulysses,xuat_ban
2814,Người Dublin,xuat_ban
15492,Ngôi nhà búp bê,xuat_ban
981,Beowulf,tam_dich
27827,Kama Sutra,tam_dich
57243,Tư duy như một khoa học,tam_dich
45109,Cẩm nang của Epictetus,tam_dich
5827,Những vấn đề của triết học,tam_dich
3825,Pygmalion,tam_dich
