source_id,title,authors,language,title_vi,title_vi_kind
1,The Declaration of Independence of the United States of America,Thomas Jefferson,en,Tuyên ngôn Độc lập Hoa Kỳ,tam_dich
2,The United States Bill of Rights The Ten Original Amendments to the Constitution of the United States,United States,en,Tuyên ngôn Nhân quyền Hoa Kỳ (10 tu chính án đầu),tam_dich
3,John F. Kennedy's Inaugural Address,John F. Kennedy,en,Diễn văn nhậm chức của John F. Kennedy,tam_dich
4,"Lincoln's Gettysburg Address Given November 19, 1863 on the battlefield near Gettysburg, Pennsylvania, USA",Abraham Lincoln,en,Diễn văn Gettysburg của Lincoln,tam_dich
5,The United States Constitution,United States,en,Hiến pháp Hoa Kỳ,tam_dich
6,Give Me Liberty or Give Me Death,Patrick Henry,en,Hãy cho tôi tự do hoặc cái chết,tam_dich
7,The Mayflower Compact,,en,Hiệp ước Mayflower,tam_dich
8,Abraham Lincoln's Second Inaugural Address,Abraham Lincoln,en,Diễn văn nhậm chức lần hai của Abraham Lincoln,tam_dich
9,Abraham Lincoln's First Inaugural Address,Abraham Lincoln,en,Diễn văn nhậm chức lần đầu của Abraham Lincoln,tam_dich
10,The King James Version of the Bible,,en,Kinh Thánh — bản King James,tam_dich
11,Alice's Adventures in Wonderland,Lewis Carroll,en,Alice ở xứ sở thần tiên,xuat_ban
12,Through the Looking-Glass,Lewis Carroll,en,Alice ở xứ sở trong gương,xuat_ban
13,The Hunting of the Snark: An Agony in Eight Fits,Lewis Carroll,en,Cuộc săn Snark,tam_dich
15,"Moby-Dick; or, The Whale",Herman Melville,en,Moby Dick,xuat_ban
16,Peter Pan,J. M. Barrie,en,Peter Pan,xuat_ban
18,The Federalist Papers,Alexander Hamilton; John Jay; James Madison,en,Luận cương Liên bang,tam_dich
19,The Song of Hiawatha,Henry Wadsworth Longfellow; Woodrow W. Morris,en,Bài ca Hiawatha,tam_dich
20,Paradise Lost,John Milton,en,Thiên đường đã mất,tam_dich
23,"Narrative of the Life of Frederick Douglass, an American Slave",Frederick Douglass,en,"Tự thuật của Frederick Douglass, một người nô lệ Mỹ",tam_dich
28,"The Fables of Aesop Selected, Told Anew, and Their History Traced",Aesop; Joseph Jacobs,en,Truyện ngụ ngôn Aesop,tam_dich
30,"The Bible, King James Version, Complete",,en,"Kinh Thánh — bản King James, trọn bộ",tam_dich
33,The Scarlet Letter,Nathaniel Hawthorne,en,Chữ A màu đỏ,xuat_ban
35,The Time Machine,H. G. Wells,en,Cỗ máy thời gian,xuat_ban
45,Anne of Green Gables,L. M. Montgomery,en,Anne tóc đỏ dưới chái nhà xanh,xuat_ban
46,A Christmas Carol in Prose; Being a Ghost Story of Christmas,Charles Dickens; John Leech,en,Bài ca Giáng sinh,xuat_ban
47,Anne of Avonlea,L. M. Montgomery,en,Anne ở Avonlea,tam_dich
51,Anne of the Island,L. M. Montgomery,en,Anne ở đảo,tam_dich
54,The Marvelous Land of Oz,L. Frank Baum; John R. Neill,en,Xứ Oz kỳ diệu,tam_dich
55,The Wonderful Wizard of Oz,L. Frank Baum,en,Phù thủy xứ Oz,xuat_ban
57,Aladdin and the Magic Lamp,Unknown,en,Aladdin và cây đèn thần,xuat_ban
58,Paradise Regained,John Milton,en,Thiên đường tìm lại,tam_dich
59,Discourse on the Method of Rightly Conducting One's Reason and of Seeking Truth in the Sciences,René Descartes; John Veitch,en,Luận về phương pháp,tam_dich
61,The Communist Manifesto,Karl Marx; Friedrich Engels,en,Tuyên ngôn của Đảng Cộng sản,xuat_ban
70,What Is Man? and Other Essays,Mark Twain,en,Con người là gì? và các tiểu luận khác,tam_dich
71,On the Duty of Civil Disobedience,Henry David Thoreau,en,Về bổn phận bất tuân dân sự,tam_dich
74,"The Adventures of Tom Sawyer, Complete",Mark Twain,en,Những cuộc phiêu lưu của Tom Sawyer,xuat_ban
76,Adventures of Huckleberry Finn,Mark Twain; E. W. Kemble,en,Những cuộc phiêu lưu của Huckleberry Finn,xuat_ban
98,A Tale of Two Cities,Charles Dickens,en,Chuyện hai thành phố,tam_dich
100,The Complete Works of William Shakespeare,William Shakespeare,en,Toàn tập William Shakespeare,tam_dich
103,Around the World in Eighty Days,Jules Verne; George M. Towle,en,Tám mươi ngày vòng quanh thế giới,xuat_ban
105,Persuasion,Jane Austen,en,Thuyết phục,xuat_ban
113,The Secret Garden,Frances Hodgson Burnett,en,Khu vườn bí mật,xuat_ban
120,Treasure Island,Robert Louis Stevenson; Louis Rhead,en,Đảo giấu vàng,xuat_ban
128,The Arabian Nights Entertainments,Andrew Lang,en,Nghìn lẻ một đêm,xuat_ban
130,Orthodoxy,G. K. Chesterton,en,Chính thống,tam_dich
132,The Art of War,active 6th century B.C. Sunzi; Lionel Giles,en,Binh pháp Tôn Tử,xuat_ban
135,Les Misérables,Victor Hugo; Isabel Florence Hapgood,en,Những người khốn khổ,xuat_ban
136,A Child's Garden of Verses,Robert Louis Stevenson,en,Khu vườn thơ của trẻ thơ,tam_dich
145,Middlemarch,George Eliot,en,Middlemarch,tam_dich
146,A Little Princess Being the whole story of Sara Crewe now told for the first time,Frances Hodgson Burnett,en,Công chúa nhỏ,xuat_ban
150,The Republic,Plato; Benjamin Jowett,en,Cộng hòa,xuat_ban
151,The Rime of the Ancient Mariner,Samuel Taylor Coleridge,en,Khúc ca người thủy thủ già,tam_dich
158,Emma,Jane Austen,en,Emma,xuat_ban
160,"The Awakening, and Selected Short Stories",Kate Chopin,en,Thức tỉnh và các truyện ngắn chọn lọc,tam_dich
161,Sense and Sensibility,Jane Austen,en,Lý trí và tình cảm,xuat_ban
164,Twenty Thousand Leagues under the Sea,Jules Verne,en,Hai vạn dặm dưới biển,xuat_ban
174,The Picture of Dorian Gray,Oscar Wilde,en,Bức chân dung của Dorian Gray,xuat_ban
203,Uncle Tom's Cabin,Harriet Beecher Stowe,en,Túp lều bác Tom,xuat_ban
205,"Walden, and On The Duty Of Civil Disobedience",Henry David Thoreau,en,Walden,xuat_ban
216,"The Tao Teh King, or the Tao and its Characteristics",Laozi; James Legge,en,Đạo Đức Kinh,xuat_ban
219,Heart of Darkness,Joseph Conrad,en,Tâm bóng tối,xuat_ban
225,At the Back of the North Wind,George MacDonald,en,Sau lưng gió bấc,tam_dich
228,The Aeneid,Virgil; John Dryden,en,Aeneid,tam_dich
236,The Jungle Book,Rudyard Kipling,en,Sách rừng xanh,xuat_ban
244,A Study in Scarlet,Arthur Conan Doyle,en,Chiếc nhẫn tình cờ,xuat_ban
246,The Rubaiyat of Omar Khayyam,Omar Khayyam; Edward FitzGerald,en,Thơ Rubaiyat của Omar Khayyam,tam_dich
271,Black Beauty,Anna Sewell,en,Ngựa ô yêu dấu,xuat_ban
289,The Wind in the Willows,Kenneth Grahame,en,Gió qua rặng liễu,xuat_ban
301,The Ballad of Reading Gaol,Oscar Wilde,en,Bản ballad nhà tù Reading,tam_dich
345,Dracula,Bram Stoker,en,Bá tước Dracula,xuat_ban
384,The Lost Prince,Frances Hodgson Burnett,en,Hoàng tử thất lạc,tam_dich
408,The Souls of Black Folk,W. E. B. Du Bois,en,Linh hồn người da đen,tam_dich
445,The crowd,Gustave Le Bon,en,Tâm lý học đám đông,xuat_ban
448,The Psychology of Revolution,Gustave Le Bon,en,Tâm lý học cách mạng,tam_dich
514,Little Women,Louisa May Alcott,en,Những người phụ nữ bé nhỏ,tam_dich
636,Memoirs of Extraordinary Popular Delusions — Volume 1,Charles Mackay,en,Những ảo tưởng đám đông phi thường — Tập 1,tam_dich
730,Oliver Twist,Charles Dickens,en,Oliver Twist,xuat_ban
766,David Copperfield,Charles Dickens,en,David Copperfield,xuat_ban
768,Wuthering Heights,Emily Brontë,en,Đồi gió hú,xuat_ban
800,Le tour du monde en quatre-vingts jours,Jules Verne,fr,Tám mươi ngày vòng quanh thế giới,xuat_ban
829,Gulliver's Travels into Several Remote Nations of the World,Jonathan Swift,en,Gulliver du ký,xuat_ban
833,The Theory of the Leisure Class,Thorstein Veblen,en,Lý thuyết về giai cấp nhàn rỗi,tam_dich
844,The Importance of Being Earnest: A Trivial Comedy for Serious People,Oscar Wilde,en,Tầm quan trọng của sự nghiêm túc,tam_dich
910,White Fang,Jack London,en,Nanh trắng,xuat_ban
981,Beowulf,Francis Barton Gummere,en,Beowulf,tam_dich
996,Don Quixote,Miguel de Cervantes Saavedra; John Ormsby,en,Don Quijote,xuat_ban
1112,Romeo and Juliet,William Shakespeare,en,Romeo và Juliet,xuat_ban
1184,The Count of Monte Cristo,Alexandre Dumas; Auguste Maquet,en,Bá tước Monte Cristo,xuat_ban
1232,The Prince,Niccolò Machiavelli; W. K. Marriott,en,Quân vương,xuat_ban
1260,Jane Eyre: An Autobiography,Charlotte Brontë; F. H. Townsend,en,Jane Eyre,xuat_ban
1342,Pride and Prejudice,Jane Austen,en,Kiêu hãnh và định kiến,xuat_ban
1399,Anna Karenina,Leo Tolstoy; Constance Garnett,en,Anna Karenina,xuat_ban
1400,Great Expectations,Charles Dickens,en,Những kỳ vọng lớn lao,xuat_ban
1533,Macbeth,William Shakespeare,en,Macbeth,xuat_ban
1661,The Adventures of Sherlock Holmes,Arthur Conan Doyle,en,Những cuộc phiêu lưu của Sherlock Holmes,xuat_ban
1952,The Yellow Wallpaper,Charlotte Perkins Gilman,en,Giấy dán tường màu vàng,tam_dich
1995,"The Divine Comedy, Volume 1, Hell",Dante Alighieri; Charles Eliot Norton,en,Thần khúc — Tập 1: Địa ngục,tam_dich
1998,Thus Spake Zarathustra: A Book for All and None,Friedrich Wilhelm Nietzsche; Thomas Common,en,Zarathustra đã nói như thế,xuat_ban
2009,"The Origin of Species by Means of Natural Selection Or, the Preservation of Favoured Races in the Struggle for Life, 6th Edition",Charles Darwin,en,Nguồn gốc các loài,xuat_ban
2130,Utopia,Thomas More; Henry Morley,en,Utopia — Địa đàng trần gian,tam_dich
2145,Ben-Hur: A tale of the Christ,Lew Wallace,en,Ben-Hur,tam_dich
2199,The Iliad,Homer; Samuel Butler,en,Iliad,xuat_ban
2413,Madame Bovary,Gustave Flaubert; Eleanor Marx Aveling,en,Bà Bovary,xuat_ban
2500,Siddhartha,Hermann Hesse,en,Câu chuyện dòng sông,xuat_ban
2527,The Sorrows of Young Werther,Johann Wolfgang von Goethe; R. Dillon Boylan,en,Nỗi đau của chàng Werther,xuat_ban
2554,Crime and Punishment,Fyodor Dostoyevsky; Constance Garnett,en,Tội ác và hình phạt,xuat_ban
2591,Grimms' Fairy Tales,Jacob Grimm; Wilhelm Grimm,en,Truyện cổ Grimm,xuat_ban
2600,War and Peace,Leo Tolstoy; Aylmer Maude; Louise Maude,en,Chiến tranh và hòa bình,xuat_ban
2610,Notre-Dame de Paris,Victor Hugo; Isabel Florence Hapgood,en,Nhà thờ Đức Bà Paris,xuat_ban
2680,Meditations,Emperor of Rome Marcus Aurelius,en,Suy tưởng,xuat_ban
2814,Dubliners,James Joyce,en,Người Dublin,xuat_ban
2852,The Hound of the Baskervilles,Arthur Conan Doyle,en,Con chó của dòng họ Baskerville,xuat_ban
3023,Faust — Part 1,Johann Wolfgang von Goethe,en,Faust — Phần 1,xuat_ban
3160,The Odyssey,Homer; Alexander Pope,en,Odyssey,xuat_ban
3207,Leviathan,Thomas Hobbes,en,Leviathan,tam_dich
3300,An Inquiry into the Nature and Causes of the Wealth of Nations,Adam Smith,en,Của cải của các dân tộc,xuat_ban
3330,The Analects of Confucius (from the Chinese Classics),Confucius; James Legge,en,Luận ngữ,xuat_ban
3825,Pygmalion,Bernard Shaw,en,Pygmalion,tam_dich
4300,Ulysses,James Joyce,en,Ulysses,xuat_ban
4363,Beyond Good and Evil,Friedrich Wilhelm Nietzsche; Helen Zimmern,en,Bên kia thiện ác,xuat_ban
4650,"Candide, ou l'optimisme",Voltaire,fr,Candide,xuat_ban
5200,Metamorphosis,Franz Kafka; David Wyllie,en,Hóa thân,xuat_ban
5230,The Invisible Man: A Grotesque Romance,H. G. Wells,en,Người vô hình,xuat_ban
5711,Germinal,Émile Zola,fr,Germinal,xuat_ban
5827,The Problems of Philosophy,Bertrand Russell,en,Những vấn đề của triết học,tam_dich
13951,Les trois mousquetaires,Alexandre Dumas; Auguste Maquet,fr,Ba chàng lính ngự lâm,xuat_ban
15492,A Doll's House,Henrik Ibsen; E. Haldeman-Julius; R. Farquharson Sharp,en,Ngôi nhà búp bê,xuat_ban
17989,"Le comte de Monte-Cristo, Tome I",Alexandre Dumas; Auguste Maquet,fr,Bá tước Monte Cristo — Tập 1,xuat_ban
19942,Candide,Voltaire,en,Candide,xuat_ban
27200,Fairy Tales of Hans Christian Andersen,H. C. Andersen,en,Truyện cổ Andersen,xuat_ban
27827,"The Kama Sutra of Vatsyayana Translated From the Sanscrit in Seven Parts With Preface, Introduction and Concluding Remarks",Vatsyayana; Shivaram Parashuram Bhide; Richard Francis Burton,en,Kama Sutra,tam_dich
28054,The Brothers Karamazov,Fyodor Dostoyevsky; Constance Garnett,en,Anh em nhà Karamazov,xuat_ban
34901,On Liberty,John Stuart Mill,en,Bàn về tự do,xuat_ban
37134,The Elements of Style,William Strunk,en,Những nguyên tắc của văn phong,tam_dich
41445,"Frankenstein; Or, The Modern Prometheus",Mary Wollstonecraft Shelley,en,Frankenstein,xuat_ban
45109,The Enchiridion,Epictetus; Thomas Wentworth Higginson,en,Cẩm nang của Epictetus,tam_dich
54873,Vingt mille lieues sous les mers,Jules Verne; Alphonse Marie de Neuville; Edouard Riou,fr,Hai vạn dặm dưới biển,xuat_ban
57243,Thinking as a Science,Henry Hazlitt,en,Tư duy như một khoa học,tam_dich
58585,The Prophet,Kahlil Gibran,en,Nhà tiên tri,xuat_ban
64317,The Great Gatsby,F. Scott Fitzgerald,en,Gatsby vĩ đại,xuat_ban
66048,The Interpretation of Dreams,Sigmund Freud; A. A. Brill,en,Giải mộng,tam_dich
70841,Robinson Crusoe,Daniel Defoe; N. C. Wyeth,en,Robinson Crusoe,xuat_ban
