gutenberg_id,title,can_cu
1581,"The Bible, Douay-Rheims, Complete",Bản dịch Kinh Thánh cổ: King James 1611/1769 · Douay-Rheims 1582–1610/1750 · Vulgate (thế kỷ IV)
1582,"The Bible, Douay-Rheims, New Testament",Bản dịch Kinh Thánh cổ: King James 1611/1769 · Douay-Rheims 1582–1610/1750 · Vulgate (thế kỷ IV)
1609,"The Bible, Douay-Rheims, Old Testament — Part 1",Bản dịch Kinh Thánh cổ: King James 1611/1769 · Douay-Rheims 1582–1610/1750 · Vulgate (thế kỷ IV)
1610,"The Bible, Douay-Rheims, Old Testament — Part 2",Bản dịch Kinh Thánh cổ: King James 1611/1769 · Douay-Rheims 1582–1610/1750 · Vulgate (thế kỷ IV)
8002,"The Bible, King James version, Book 2: Exodus",Bản dịch Kinh Thánh cổ: King James 1611/1769 · Douay-Rheims 1582–1610/1750 · Vulgate (thế kỷ IV)
8003,"The Bible, King James version, Book 3: Leviticus",Bản dịch Kinh Thánh cổ: King James 1611/1769 · Douay-Rheims 1582–1610/1750 · Vulgate (thế kỷ IV)
7999,"The Bible, King James Version, Complete Contents",Bản dịch Kinh Thánh cổ: King James 1611/1769 · Douay-Rheims 1582–1610/1750 · Vulgate (thế kỷ IV)
8001,"The Bible, King James version, Book 1: Genesis",Bản dịch Kinh Thánh cổ: King James 1611/1769 · Douay-Rheims 1582–1610/1750 · Vulgate (thế kỷ IV)
8004,"The Bible, King James version, Book 4: Numbers",Bản dịch Kinh Thánh cổ: King James 1611/1769 · Douay-Rheims 1582–1610/1750 · Vulgate (thế kỷ IV)
8005,"The Bible, King James version, Book 5: Deuteronomy",Bản dịch Kinh Thánh cổ: King James 1611/1769 · Douay-Rheims 1582–1610/1750 · Vulgate (thế kỷ IV)
8006,"The Bible, King James version, Book 6: Joshua",Bản dịch Kinh Thánh cổ: King James 1611/1769 · Douay-Rheims 1582–1610/1750 · Vulgate (thế kỷ IV)
8007,"The Bible, King James version, Book 7: Judges",Bản dịch Kinh Thánh cổ: King James 1611/1769 · Douay-Rheims 1582–1610/1750 · Vulgate (thế kỷ IV)
8008,"The Bible, King James version, Book 8: Ruth",Bản dịch Kinh Thánh cổ: King James 1611/1769 · Douay-Rheims 1582–1610/1750 · Vulgate (thế kỷ IV)
8009,"The Bible, King James version, Book 9: 1 Samuel",Bản dịch Kinh Thánh cổ: King James 1611/1769 · Douay-Rheims 1582–1610/1750 · Vulgate (thế kỷ IV)
8010,"The Bible, King James version, Book 10: 2 Samuel",Bản dịch Kinh Thánh cổ: King James 1611/1769 · Douay-Rheims 1582–1610/1750 · Vulgate (thế kỷ IV)
8011,"The Bible, King James version, Book 11: 1 Kings",Bản dịch Kinh Thánh cổ: King James 1611/1769 · Douay-Rheims 1582–1610/1750 · Vulgate (thế kỷ IV)
8012,"The Bible, King James version, Book 12: 2 Kings",Bản dịch Kinh Thánh cổ: King James 1611/1769 · Douay-Rheims 1582–1610/1750 · Vulgate (thế kỷ IV)
8013,"The Bible, King James version, Book 13: 1 Chronicles",Bản dịch Kinh Thánh cổ: King James 1611/1769 · Douay-Rheims 1582–1610/1750 · Vulgate (thế kỷ IV)
8014,"The Bible, King James version, Book 14: 2 Chronicles",Bản dịch Kinh Thánh cổ: King James 1611/1769 · Douay-Rheims 1582–1610/1750 · Vulgate (thế kỷ IV)
8015,"The Bible, King James version, Book 15: Ezra",Bản dịch Kinh Thánh cổ: King James 1611/1769 · Douay-Rheims 1582–1610/1750 · Vulgate (thế kỷ IV)
8016,"The Bible, King James version, Book 16: Nehemiah",Bản dịch Kinh Thánh cổ: King James 1611/1769 · Douay-Rheims 1582–1610/1750 · Vulgate (thế kỷ IV)
8017,"The Bible, King James version, Book 17: Esther",Bản dịch Kinh Thánh cổ: King James 1611/1769 · Douay-Rheims 1582–1610/1750 · Vulgate (thế kỷ IV)
8018,"The Bible, King James version, Book 18: Job",Bản dịch Kinh Thánh cổ: King James 1611/1769 · Douay-Rheims 1582–1610/1750 · Vulgate (thế kỷ IV)
8019,"The Bible, King James version, Book 19: Psalms",Bản dịch Kinh Thánh cổ: King James 1611/1769 · Douay-Rheims 1582–1610/1750 · Vulgate (thế kỷ IV)
8020,"The Bible, King James version, Book 20: Proverbs",Bản dịch Kinh Thánh cổ: King James 1611/1769 · Douay-Rheims 1582–1610/1750 · Vulgate (thế kỷ IV)
8021,"The Bible, King James version, Book 21: Ecclesiastes",Bản dịch Kinh Thánh cổ: King James 1611/1769 · Douay-Rheims 1582–1610/1750 · Vulgate (thế kỷ IV)
8022,"The Bible, King James version, Book 22: Song of Solomon",Bản dịch Kinh Thánh cổ: King James 1611/1769 · Douay-Rheims 1582–1610/1750 · Vulgate (thế kỷ IV)
8023,"The Bible, King James version, Book 23: Isaiah",Bản dịch Kinh Thánh cổ: King James 1611/1769 · Douay-Rheims 1582–1610/1750 · Vulgate (thế kỷ IV)
8024,"The Bible, King James version, Book 24: Jeremiah",Bản dịch Kinh Thánh cổ: King James 1611/1769 · Douay-Rheims 1582–1610/1750 · Vulgate (thế kỷ IV)
8025,"The Bible, King James version, Book 25: Lamentations",Bản dịch Kinh Thánh cổ: King James 1611/1769 · Douay-Rheims 1582–1610/1750 · Vulgate (thế kỷ IV)
8026,"The Bible, King James version, Book 26: Ezekiel",Bản dịch Kinh Thánh cổ: King James 1611/1769 · Douay-Rheims 1582–1610/1750 · Vulgate (thế kỷ IV)
8027,"The Bible, King James version, Book 27: Daniel",Bản dịch Kinh Thánh cổ: King James 1611/1769 · Douay-Rheims 1582–1610/1750 · Vulgate (thế kỷ IV)
8028,"The Bible, King James version, Book 28: Hosea",Bản dịch Kinh Thánh cổ: King James 1611/1769 · Douay-Rheims 1582–1610/1750 · Vulgate (thế kỷ IV)
8029,"The Bible, King James version, Book 29: Joel",Bản dịch Kinh Thánh cổ: King James 1611/1769 · Douay-Rheims 1582–1610/1750 · Vulgate (thế kỷ IV)
8030,"The Bible, King James version, Book 30: Amos",Bản dịch Kinh Thánh cổ: King James 1611/1769 · Douay-Rheims 1582–1610/1750 · Vulgate (thế kỷ IV)
8031,"The Bible, King James version, Book 31: Obadiah",Bản dịch Kinh Thánh cổ: King James 1611/1769 · Douay-Rheims 1582–1610/1750 · Vulgate (thế kỷ IV)
8032,"The Bible, King James version, Book 32: Jonah",Bản dịch Kinh Thánh cổ: King James 1611/1769 · Douay-Rheims 1582–1610/1750 · Vulgate (thế kỷ IV)
8033,"The Bible, King James version, Book 33: Micah",Bản dịch Kinh Thánh cổ: King James 1611/1769 · Douay-Rheims 1582–1610/1750 · Vulgate (thế kỷ IV)
8034,"The Bible, King James version, Book 34: Nahum",Bản dịch Kinh Thánh cổ: King James 1611/1769 · Douay-Rheims 1582–1610/1750 · Vulgate (thế kỷ IV)
8035,"The Bible, King James version, Book 35: Habakkuk",Bản dịch Kinh Thánh cổ: King James 1611/1769 · Douay-Rheims 1582–1610/1750 · Vulgate (thế kỷ IV)
8036,"The Bible, King James version, Book 36: Zephaniah",Bản dịch Kinh Thánh cổ: King James 1611/1769 · Douay-Rheims 1582–1610/1750 · Vulgate (thế kỷ IV)
8037,"The Bible, King James version, Book 37: Haggai",Bản dịch Kinh Thánh cổ: King James 1611/1769 · Douay-Rheims 1582–1610/1750 · Vulgate (thế kỷ IV)
8038,"The Bible, King James version, Book 38: Zechariah",Bản dịch Kinh Thánh cổ: King James 1611/1769 · Douay-Rheims 1582–1610/1750 · Vulgate (thế kỷ IV)
8039,"The Bible, King James version, Book 39: Malachi",Bản dịch Kinh Thánh cổ: King James 1611/1769 · Douay-Rheims 1582–1610/1750 · Vulgate (thế kỷ IV)
8040,"The Bible, King James version, Book 40: Matthew",Bản dịch Kinh Thánh cổ: King James 1611/1769 · Douay-Rheims 1582–1610/1750 · Vulgate (thế kỷ IV)
8041,"The Bible, King James version, Book 41: Mark",Bản dịch Kinh Thánh cổ: King James 1611/1769 · Douay-Rheims 1582–1610/1750 · Vulgate (thế kỷ IV)
8042,"The Bible, King James version, Book 42: Luke",Bản dịch Kinh Thánh cổ: King James 1611/1769 · Douay-Rheims 1582–1610/1750 · Vulgate (thế kỷ IV)
8043,"The Bible, King James version, Book 43: John",Bản dịch Kinh Thánh cổ: King James 1611/1769 · Douay-Rheims 1582–1610/1750 · Vulgate (thế kỷ IV)
8044,"The Bible, King James version, Book 44: Acts",Bản dịch Kinh Thánh cổ: King James 1611/1769 · Douay-Rheims 1582–1610/1750 · Vulgate (thế kỷ IV)
8045,"The Bible, King James version, Book 45: Romans",Bản dịch Kinh Thánh cổ: King James 1611/1769 · Douay-Rheims 1582–1610/1750 · Vulgate (thế kỷ IV)
8046,"The Bible, King James version, Book 46: 1 Corinthians",Bản dịch Kinh Thánh cổ: King James 1611/1769 · Douay-Rheims 1582–1610/1750 · Vulgate (thế kỷ IV)
8047,"The Bible, King James version, Book 47: 2 Corinthians",Bản dịch Kinh Thánh cổ: King James 1611/1769 · Douay-Rheims 1582–1610/1750 · Vulgate (thế kỷ IV)
8048,"The Bible, King James version, Book 48: Galatians",Bản dịch Kinh Thánh cổ: King James 1611/1769 · Douay-Rheims 1582–1610/1750 · Vulgate (thế kỷ IV)
8049,"The Bible, King James version, Book 49: Ephesians",Bản dịch Kinh Thánh cổ: King James 1611/1769 · Douay-Rheims 1582–1610/1750 · Vulgate (thế kỷ IV)
8050,"The Bible, King James version, Book 50: Philippians",Bản dịch Kinh Thánh cổ: King James 1611/1769 · Douay-Rheims 1582–1610/1750 · Vulgate (thế kỷ IV)
8051,"The Bible, King James version, Book 51: Colossians",Bản dịch Kinh Thánh cổ: King James 1611/1769 · Douay-Rheims 1582–1610/1750 · Vulgate (thế kỷ IV)
8052,"The Bible, King James version, Book 52: 1 Thessalonians",Bản dịch Kinh Thánh cổ: King James 1611/1769 · Douay-Rheims 1582–1610/1750 · Vulgate (thế kỷ IV)
8053,"The Bible, King James version, Book 53: 2 Thessalonians",Bản dịch Kinh Thánh cổ: King James 1611/1769 · Douay-Rheims 1582–1610/1750 · Vulgate (thế kỷ IV)
8054,"The Bible, King James version, Book 54: 1 Timothy",Bản dịch Kinh Thánh cổ: King James 1611/1769 · Douay-Rheims 1582–1610/1750 · Vulgate (thế kỷ IV)
8055,"The Bible, King James version, Book 55: 2 Timothy",Bản dịch Kinh Thánh cổ: King James 1611/1769 · Douay-Rheims 1582–1610/1750 · Vulgate (thế kỷ IV)
8056,"The Bible, King James version, Book 56: Titus",Bản dịch Kinh Thánh cổ: King James 1611/1769 · Douay-Rheims 1582–1610/1750 · Vulgate (thế kỷ IV)
8057,"The Bible, King James version, Book 57: Philemon",Bản dịch Kinh Thánh cổ: King James 1611/1769 · Douay-Rheims 1582–1610/1750 · Vulgate (thế kỷ IV)
8058,"The Bible, King James version, Book 58: Hebrews",Bản dịch Kinh Thánh cổ: King James 1611/1769 · Douay-Rheims 1582–1610/1750 · Vulgate (thế kỷ IV)
8059,"The Bible, King James version, Book 59: James",Bản dịch Kinh Thánh cổ: King James 1611/1769 · Douay-Rheims 1582–1610/1750 · Vulgate (thế kỷ IV)
8060,"The Bible, King James version, Book 60: 1 Peter",Bản dịch Kinh Thánh cổ: King James 1611/1769 · Douay-Rheims 1582–1610/1750 · Vulgate (thế kỷ IV)
8061,"The Bible, King James version, Book 61: 2 Peter",Bản dịch Kinh Thánh cổ: King James 1611/1769 · Douay-Rheims 1582–1610/1750 · Vulgate (thế kỷ IV)
8062,"The Bible, King James version, Book 62: 1 John",Bản dịch Kinh Thánh cổ: King James 1611/1769 · Douay-Rheims 1582–1610/1750 · Vulgate (thế kỷ IV)
8063,"The Bible, King James version, Book 63: 2 John",Bản dịch Kinh Thánh cổ: King James 1611/1769 · Douay-Rheims 1582–1610/1750 · Vulgate (thế kỷ IV)
8064,"The Bible, King James version, Book 64: 3 John",Bản dịch Kinh Thánh cổ: King James 1611/1769 · Douay-Rheims 1582–1610/1750 · Vulgate (thế kỷ IV)
8065,"The Bible, King James version, Book 65: Jude",Bản dịch Kinh Thánh cổ: King James 1611/1769 · Douay-Rheims 1582–1610/1750 · Vulgate (thế kỷ IV)
8066,"The Bible, King James version, Book 66: Revelation",Bản dịch Kinh Thánh cổ: King James 1611/1769 · Douay-Rheims 1582–1610/1750 · Vulgate (thế kỷ IV)
8300,"The Bible, Douay-Rheims, Complete The Challoner Revision",Bản dịch Kinh Thánh cổ: King James 1611/1769 · Douay-Rheims 1582–1610/1750 · Vulgate (thế kỷ IV)
8301,"The Bible, Douay-Rheims, Book 01: Genesis The Challoner Revision",Bản dịch Kinh Thánh cổ: King James 1611/1769 · Douay-Rheims 1582–1610/1750 · Vulgate (thế kỷ IV)
8302,"The Bible, Douay-Rheims, Book 02: Exodus The Challoner Revision",Bản dịch Kinh Thánh cổ: King James 1611/1769 · Douay-Rheims 1582–1610/1750 · Vulgate (thế kỷ IV)
8303,"The Bible, Douay-Rheims, Book 03: Leviticus The Challoner Revision",Bản dịch Kinh Thánh cổ: King James 1611/1769 · Douay-Rheims 1582–1610/1750 · Vulgate (thế kỷ IV)
8304,"The Bible, Douay-Rheims, Book 04: Numbers The Challoner Revision",Bản dịch Kinh Thánh cổ: King James 1611/1769 · Douay-Rheims 1582–1610/1750 · Vulgate (thế kỷ IV)
8305,"The Bible, Douay-Rheims, Book 05: Deuteronomy The Challoner Revision",Bản dịch Kinh Thánh cổ: King James 1611/1769 · Douay-Rheims 1582–1610/1750 · Vulgate (thế kỷ IV)
8306,"The Bible, Douay-Rheims, Book 06: Josue The Challoner Revision",Bản dịch Kinh Thánh cổ: King James 1611/1769 · Douay-Rheims 1582–1610/1750 · Vulgate (thế kỷ IV)
8307,"The Bible, Douay-Rheims, Book 07: Judges The Challoner Revision",Bản dịch Kinh Thánh cổ: King James 1611/1769 · Douay-Rheims 1582–1610/1750 · Vulgate (thế kỷ IV)
8308,"The Bible, Douay-Rheims, Book 08: Ruth The Challoner Revision",Bản dịch Kinh Thánh cổ: King James 1611/1769 · Douay-Rheims 1582–1610/1750 · Vulgate (thế kỷ IV)
8309,"The Bible, Douay-Rheims, Book 09: 1 Kings The Challoner Revision",Bản dịch Kinh Thánh cổ: King James 1611/1769 · Douay-Rheims 1582–1610/1750 · Vulgate (thế kỷ IV)
8310,"The Bible, Douay-Rheims, Book 10: 2 Kings The Challoner Revision",Bản dịch Kinh Thánh cổ: King James 1611/1769 · Douay-Rheims 1582–1610/1750 · Vulgate (thế kỷ IV)
8311,"The Bible, Douay-Rheims, Book 11: 3 Kings The Challoner Revision",Bản dịch Kinh Thánh cổ: King James 1611/1769 · Douay-Rheims 1582–1610/1750 · Vulgate (thế kỷ IV)
8312,"The Bible, Douay-Rheims, Book 12: 4 Kings The Challoner Revision",Bản dịch Kinh Thánh cổ: King James 1611/1769 · Douay-Rheims 1582–1610/1750 · Vulgate (thế kỷ IV)
8313,"The Bible, Douay-Rheims, Book 13: 1 Paralipomenon The Challoner Revision",Bản dịch Kinh Thánh cổ: King James 1611/1769 · Douay-Rheims 1582–1610/1750 · Vulgate (thế kỷ IV)
8314,"The Bible, Douay-Rheims, Book 14: 2 Paralipomenon The Challoner Revision",Bản dịch Kinh Thánh cổ: King James 1611/1769 · Douay-Rheims 1582–1610/1750 · Vulgate (thế kỷ IV)
8315,"The Bible, Douay-Rheims, Book 15: 1 Esdras The Challoner Revision",Bản dịch Kinh Thánh cổ: King James 1611/1769 · Douay-Rheims 1582–1610/1750 · Vulgate (thế kỷ IV)
8316,"The Bible, Douay-Rheims, Book 16: 2 Esdras The Challoner Revision",Bản dịch Kinh Thánh cổ: King James 1611/1769 · Douay-Rheims 1582–1610/1750 · Vulgate (thế kỷ IV)
8317,"The Bible, Douay-Rheims, Book 17: Tobias The Challoner Revision",Bản dịch Kinh Thánh cổ: King James 1611/1769 · Douay-Rheims 1582–1610/1750 · Vulgate (thế kỷ IV)
8318,"The Bible, Douay-Rheims, Book 18: Judith The Challoner Revision",Bản dịch Kinh Thánh cổ: King James 1611/1769 · Douay-Rheims 1582–1610/1750 · Vulgate (thế kỷ IV)
8319,"The Bible, Douay-Rheims, Book 19: Esther The Challoner Revision",Bản dịch Kinh Thánh cổ: King James 1611/1769 · Douay-Rheims 1582–1610/1750 · Vulgate (thế kỷ IV)
8320,"The Bible, Douay-Rheims, Book 20: Job The Challoner Revision",Bản dịch Kinh Thánh cổ: King James 1611/1769 · Douay-Rheims 1582–1610/1750 · Vulgate (thế kỷ IV)
8321,"The Bible, Douay-Rheims, Book 21: Psalms The Challoner Revision",Bản dịch Kinh Thánh cổ: King James 1611/1769 · Douay-Rheims 1582–1610/1750 · Vulgate (thế kỷ IV)
8322,"The Bible, Douay-Rheims, Book 22: Proverbs The Challoner Revision",Bản dịch Kinh Thánh cổ: King James 1611/1769 · Douay-Rheims 1582–1610/1750 · Vulgate (thế kỷ IV)
8323,"The Bible, Douay-Rheims, Book 23: Ecclesiastes The Challoner Revision",Bản dịch Kinh Thánh cổ: King James 1611/1769 · Douay-Rheims 1582–1610/1750 · Vulgate (thế kỷ IV)
8324,"The Bible, Douay-Rheims, Book 24: Canticle of Canticles The Challoner Revision",Bản dịch Kinh Thánh cổ: King James 1611/1769 · Douay-Rheims 1582–1610/1750 · Vulgate (thế kỷ IV)
8325,"The Bible, Douay-Rheims, Book 25: Wisdom The Challoner Revision",Bản dịch Kinh Thánh cổ: King James 1611/1769 · Douay-Rheims 1582–1610/1750 · Vulgate (thế kỷ IV)
8326,"The Bible, Douay-Rheims, Book 26: Ecclesiasticus The Challoner Revision",Bản dịch Kinh Thánh cổ: King James 1611/1769 · Douay-Rheims 1582–1610/1750 · Vulgate (thế kỷ IV)
8327,"The Bible, Douay-Rheims, Book 27: Isaias The Challoner Revision",Bản dịch Kinh Thánh cổ: King James 1611/1769 · Douay-Rheims 1582–1610/1750 · Vulgate (thế kỷ IV)
8328,"The Bible, Douay-Rheims, Book 28: Jeremias The Challoner Revision",Bản dịch Kinh Thánh cổ: King James 1611/1769 · Douay-Rheims 1582–1610/1750 · Vulgate (thế kỷ IV)
8329,"The Bible, Douay-Rheims, Book 29: Lamentations of Jeremias The Challoner Revision",Bản dịch Kinh Thánh cổ: King James 1611/1769 · Douay-Rheims 1582–1610/1750 · Vulgate (thế kỷ IV)
8330,"The Bible, Douay-Rheims, Book 30: Baruch The Challoner Revision",Bản dịch Kinh Thánh cổ: King James 1611/1769 · Douay-Rheims 1582–1610/1750 · Vulgate (thế kỷ IV)
8331,"The Bible, Douay-Rheims, Book 31: Ezechiel The Challoner Revision",Bản dịch Kinh Thánh cổ: King James 1611/1769 · Douay-Rheims 1582–1610/1750 · Vulgate (thế kỷ IV)
8332,"The Bible, Douay-Rheims, Book 32: Daniel The Challoner Revision",Bản dịch Kinh Thánh cổ: King James 1611/1769 · Douay-Rheims 1582–1610/1750 · Vulgate (thế kỷ IV)
8333,"The Bible, Douay-Rheims, Book 33: Osee The Challoner Revision",Bản dịch Kinh Thánh cổ: King James 1611/1769 · Douay-Rheims 1582–1610/1750 · Vulgate (thế kỷ IV)
8334,"The Bible, Douay-Rheims, Book 34: Joel The Challoner Revision",Bản dịch Kinh Thánh cổ: King James 1611/1769 · Douay-Rheims 1582–1610/1750 · Vulgate (thế kỷ IV)
8335,"The Bible, Douay-Rheims, Book 35: Amos The Challoner Revision",Bản dịch Kinh Thánh cổ: King James 1611/1769 · Douay-Rheims 1582–1610/1750 · Vulgate (thế kỷ IV)
8336,"The Bible, Douay-Rheims, Book 36: Abdias The Challoner Revision",Bản dịch Kinh Thánh cổ: King James 1611/1769 · Douay-Rheims 1582–1610/1750 · Vulgate (thế kỷ IV)
8337,"The Bible, Douay-Rheims, Book 37: Jonas The Challoner Revision",Bản dịch Kinh Thánh cổ: King James 1611/1769 · Douay-Rheims 1582–1610/1750 · Vulgate (thế kỷ IV)
8338,"The Bible, Douay-Rheims, Book 38: Micheas The Challoner Revision",Bản dịch Kinh Thánh cổ: King James 1611/1769 · Douay-Rheims 1582–1610/1750 · Vulgate (thế kỷ IV)
8339,"The Bible, Douay-Rheims, Book 39: Nahum The Challoner Revision",Bản dịch Kinh Thánh cổ: King James 1611/1769 · Douay-Rheims 1582–1610/1750 · Vulgate (thế kỷ IV)
8340,"The Bible, Douay-Rheims, Book 40: Habacuc The Challoner Revision",Bản dịch Kinh Thánh cổ: King James 1611/1769 · Douay-Rheims 1582–1610/1750 · Vulgate (thế kỷ IV)
8341,"The Bible, Douay-Rheims, Book 41: Sophonias The Challoner Revision",Bản dịch Kinh Thánh cổ: King James 1611/1769 · Douay-Rheims 1582–1610/1750 · Vulgate (thế kỷ IV)
8342,"The Bible, Douay-Rheims, Book 42: Aggeus The Challoner Revision",Bản dịch Kinh Thánh cổ: King James 1611/1769 · Douay-Rheims 1582–1610/1750 · Vulgate (thế kỷ IV)
8343,"The Bible, Douay-Rheims, Book 43: Zacharias The Challoner Revision",Bản dịch Kinh Thánh cổ: King James 1611/1769 · Douay-Rheims 1582–1610/1750 · Vulgate (thế kỷ IV)
8344,"The Bible, Douay-Rheims, Book 44: Malachias The Challoner Revision",Bản dịch Kinh Thánh cổ: King James 1611/1769 · Douay-Rheims 1582–1610/1750 · Vulgate (thế kỷ IV)
8345,"The Bible, Douay-Rheims, Book 45: 1 Machabees The Challoner Revision",Bản dịch Kinh Thánh cổ: King James 1611/1769 · Douay-Rheims 1582–1610/1750 · Vulgate (thế kỷ IV)
8346,"The Bible, Douay-Rheims, Book 46: 2 Machabees The Challoner Revision",Bản dịch Kinh Thánh cổ: King James 1611/1769 · Douay-Rheims 1582–1610/1750 · Vulgate (thế kỷ IV)
8347,"The Bible, Douay-Rheims, Book 47: Matthew The Challoner Revision",Bản dịch Kinh Thánh cổ: King James 1611/1769 · Douay-Rheims 1582–1610/1750 · Vulgate (thế kỷ IV)
8348,"The Bible, Douay-Rheims, Book 48: Mark The Challoner Revision",Bản dịch Kinh Thánh cổ: King James 1611/1769 · Douay-Rheims 1582–1610/1750 · Vulgate (thế kỷ IV)
8349,"The Bible, Douay-Rheims, Book 49: Luke The Challoner Revision",Bản dịch Kinh Thánh cổ: King James 1611/1769 · Douay-Rheims 1582–1610/1750 · Vulgate (thế kỷ IV)
8350,"The Bible, Douay-Rheims, Book 50: John The Challoner Revision",Bản dịch Kinh Thánh cổ: King James 1611/1769 · Douay-Rheims 1582–1610/1750 · Vulgate (thế kỷ IV)
8351,"The Bible, Douay-Rheims, Book 51: Acts The Challoner Revision",Bản dịch Kinh Thánh cổ: King James 1611/1769 · Douay-Rheims 1582–1610/1750 · Vulgate (thế kỷ IV)
8352,"The Bible, Douay-Rheims, Book 52: Romans The Challoner Revision",Bản dịch Kinh Thánh cổ: King James 1611/1769 · Douay-Rheims 1582–1610/1750 · Vulgate (thế kỷ IV)
8353,"The Bible, Douay-Rheims, Book 53: 1 Corinthians The Challoner Revision",Bản dịch Kinh Thánh cổ: King James 1611/1769 · Douay-Rheims 1582–1610/1750 · Vulgate (thế kỷ IV)
8354,"The Bible, Douay-Rheims, Book 54: 2 Corinthians The Challoner Revision",Bản dịch Kinh Thánh cổ: King James 1611/1769 · Douay-Rheims 1582–1610/1750 · Vulgate (thế kỷ IV)
8355,"The Bible, Douay-Rheims, Book 55: Galatians The Challoner Revision",Bản dịch Kinh Thánh cổ: King James 1611/1769 · Douay-Rheims 1582–1610/1750 · Vulgate (thế kỷ IV)
8356,"The Bible, Douay-Rheims, Book 56: Ephesians The Challoner Revision",Bản dịch Kinh Thánh cổ: King James 1611/1769 · Douay-Rheims 1582–1610/1750 · Vulgate (thế kỷ IV)
8357,"The Bible, Douay-Rheims, Book 57: Philippians The Challoner Revision",Bản dịch Kinh Thánh cổ: King James 1611/1769 · Douay-Rheims 1582–1610/1750 · Vulgate (thế kỷ IV)
8358,"The Bible, Douay-Rheims, Book 58: Colossians The Challoner Revision",Bản dịch Kinh Thánh cổ: King James 1611/1769 · Douay-Rheims 1582–1610/1750 · Vulgate (thế kỷ IV)
8359,"The Bible, Douay-Rheims, Book 59: 1 Thessalonians The Challoner Revision",Bản dịch Kinh Thánh cổ: King James 1611/1769 · Douay-Rheims 1582–1610/1750 · Vulgate (thế kỷ IV)
8360,"The Bible, Douay-Rheims, Book 60: 2 Thessalonians The Challoner Revision",Bản dịch Kinh Thánh cổ: King James 1611/1769 · Douay-Rheims 1582–1610/1750 · Vulgate (thế kỷ IV)
8361,"The Bible, Douay-Rheims, Book 61: 1 Timothy The Challoner Revision",Bản dịch Kinh Thánh cổ: King James 1611/1769 · Douay-Rheims 1582–1610/1750 · Vulgate (thế kỷ IV)
8362,"The Bible, Douay-Rheims, Book 62: 2 Timothy The Challoner Revision",Bản dịch Kinh Thánh cổ: King James 1611/1769 · Douay-Rheims 1582–1610/1750 · Vulgate (thế kỷ IV)
8363,"The Bible, Douay-Rheims, Book 63: Titus The Challoner Revision",Bản dịch Kinh Thánh cổ: King James 1611/1769 · Douay-Rheims 1582–1610/1750 · Vulgate (thế kỷ IV)
8364,"The Bible, Douay-Rheims, Book 64: Philemon The Challoner Revision",Bản dịch Kinh Thánh cổ: King James 1611/1769 · Douay-Rheims 1582–1610/1750 · Vulgate (thế kỷ IV)
8365,"The Bible, Douay-Rheims, Book 65: Hebrews The Challoner Revision",Bản dịch Kinh Thánh cổ: King James 1611/1769 · Douay-Rheims 1582–1610/1750 · Vulgate (thế kỷ IV)
8366,"The Bible, Douay-Rheims, Book 66: James The Challoner Revision",Bản dịch Kinh Thánh cổ: King James 1611/1769 · Douay-Rheims 1582–1610/1750 · Vulgate (thế kỷ IV)
8367,"The Bible, Douay-Rheims, Book 67: 1 Peter The Challoner Revision",Bản dịch Kinh Thánh cổ: King James 1611/1769 · Douay-Rheims 1582–1610/1750 · Vulgate (thế kỷ IV)
8368,"The Bible, Douay-Rheims, Book 68: 2 Peter The Challoner Revision",Bản dịch Kinh Thánh cổ: King James 1611/1769 · Douay-Rheims 1582–1610/1750 · Vulgate (thế kỷ IV)
8369,"The Bible, Douay-Rheims, Book 69: 1 John The Challoner Revision",Bản dịch Kinh Thánh cổ: King James 1611/1769 · Douay-Rheims 1582–1610/1750 · Vulgate (thế kỷ IV)
8370,"The Bible, Douay-Rheims, Book 70: 2 John The Challoner Revision",Bản dịch Kinh Thánh cổ: King James 1611/1769 · Douay-Rheims 1582–1610/1750 · Vulgate (thế kỷ IV)
8371,"The Bible, Douay-Rheims, Book 71: 3 John The Challoner Revision",Bản dịch Kinh Thánh cổ: King James 1611/1769 · Douay-Rheims 1582–1610/1750 · Vulgate (thế kỷ IV)
8372,"The Bible, Douay-Rheims, Book 72: Jude The Challoner Revision",Bản dịch Kinh Thánh cổ: King James 1611/1769 · Douay-Rheims 1582–1610/1750 · Vulgate (thế kỷ IV)
8373,"The Bible, Douay-Rheims, Book 73: Apocalypse The Challoner Revision",Bản dịch Kinh Thánh cổ: King James 1611/1769 · Douay-Rheims 1582–1610/1750 · Vulgate (thế kỷ IV)
10900,The King James Bible,Bản dịch Kinh Thánh cổ: King James 1611/1769 · Douay-Rheims 1582–1610/1750 · Vulgate (thế kỷ IV)
10,The King James Version of the Bible,Bản dịch Kinh Thánh cổ: King James 1611/1769 · Douay-Rheims 1582–1610/1750 · Vulgate (thế kỷ IV)
30,"The Bible, King James Version, Complete",Bản dịch Kinh Thánh cổ: King James 1611/1769 · Douay-Rheims 1582–1610/1750 · Vulgate (thế kỷ IV)
